sections feature	Avg MDI Score
pesectionProcessed_sectionsMeanSize	0.002341045204877343
pesectionProcessed_sectionsMeanEntropy	0.002282611471267955
pesectionProcessed_entrypointSection_entropy	0.002215933620877587
pesectionProcessed_sectionsMeanVirtualSize	0.001848021586012287
pesectionProcessed_entrypointSection_physicalAddress	0.0017470196409039983
pesectionProcessed_entrypointSection_virtualSize	0.0017351173465388295
pesectionProcessed_sectionsMaxSize	0.001725665590355975
pesectionProcessed_entrypointSection_size	0.0016973680650125562
pesection_2_virtualSize	0.0016529963010792604
pesectionProcessed_sectionsMaxVirtualSize	0.001569364921609192
pesection_2_physicalAddress	0.0015179725326043285
pesection_2_entropy	0.0013906522464879607
pesectionProcessed_sectionsMaxEntropy	0.0013694888981080455
pesection_3_virtualAddress	0.001366012902199426
pesectionProcessed_resourcesMeanSize	0.0013578837110819171
pesection_1_virtualSize	0.0013393027090228017
pesection_1_physicalAddress	0.0013314756351487083
pesection_3_physicalAddress	0.001294424563232057
pesection_2_virtualAddress	0.0012803380898322625
pesectionProcessed_resourcesMaxEntropy	0.0012709947663865496
pesectionProcessed_resourcesMaxSize	0.0012416052713413717
pesection_2_size	0.0012333056711249005
pesectionProcessed_resourcesMeanEntropy	0.0012070367811404547
pesection_3_virtualSize	0.0011793437153752924
pesectionProcessed_resources_nb	0.0011522742706769394
pesection_3_rawAddress(pointerToRawData)	0.0011216721895724838
pesectionProcessed_entrypointSection_virtualAddress	0.0010496971321836857
pesectionProcessed_sectionsMinEntropy	0.0009256326231789106
pesectionProcessed_sectionsMinVirtualSize	0.0009079799615043368
pesection_3_entropy	0.0009052280384586199
pesection_4_physicalAddress	0.0008889319020103433
pesectionProcessed_resourcesMinSize	0.0008272081453766289
pesection_3_size	0.0008247730335239872
pesection_5_virtualSize	0.0008110851619420169
pesection_4_virtualSize	0.000803469487779032
pesection_5_size	0.0007957302927322025
pesection_5_physicalAddress	0.0007762909109082298
pesection_4_virtualAddress	0.0007668015349604532
pesectionProcessed_entrypointSection_rawAddress(pointerToRawData)	0.0007215403913209712
pesectionProcessed_resourcesMinEntropy	0.0007070697517357067
pesection_5_virtualAddress	0.0006935868360401595
pesection_4_entropy	0.00067348219497371
pesection_2_rawAddress(pointerToRawData)	0.0006598316080357065
pesection_9_entropy	0.0005878225936110152
pesection_4_rawAddress(pointerToRawData)	0.0005804994902250902
pesection_1_entropy	0.0005696192664602399
pesection_4_size	0.0005612497486367854
pesection_5_rawAddress(pointerToRawData)	0.0005531784858244434
pesection_8_entropy	0.0005281792168548147
pesection_6_rawAddress(pointerToRawData)	0.0004883223385756258
pesection_1_size	0.00047649602981191333
pesection_5_entropy	0.00046894626710623733
pesection_6_virtualAddress	0.00046670713283250554
pesection_8_virtualSize	0.00046510817961856334
pesection_8_physicalAddress	0.0004604040630283427
pesection_11_characteristics_bit7	0.0004591489622183428
pesection_10_virtualAddress	0.00045905912789198834
pesection_9_size	0.00045315988624090636
pesection_10_physicalAddress	0.00043081275651064854
pesection_9_virtualSize	0.00042331877668047216
pesection_8_size	0.0004139706651678459
pesection_1_rawAddress(pointerToRawData)	0.0004124177411522897
pesection_3_characteristics_bit25	0.0004120332019823293
pesection_11_virtualAddress	0.00041032098004833116
pesectionProcessed_sectionsMinSize	0.00039388257251908387
pesection_10_virtualSize	0.0003898045040280041
pesection_9_virtualAddress	0.00038056861206692375
pesection_10_rawAddress(pointerToRawData)	0.0003745604340781866
pesection_9_physicalAddress	0.00036507801283384143
pesection_8_virtualAddress	0.00036264544649777916
pesection_1_characteristics_bit20	0.00033706118518650013
pesection_7_virtualAddress	0.0003328674384219539
pesection_11_rawAddress(pointerToRawData)	0.00032588652665960016
pesection_3_characteristics_bit30	0.0003219166661607606
pesection_3_exists	0.00031930891198130756
pesectionProcessed_entrypointSection_characteristics_bit20	0.00031745876849261325
pesection_6_entropy	0.0003038384997750103
pesection_5_exists	0.0003021991893785019
pesection_9_rawAddress(pointerToRawData)	0.0003001055558162184
pesection_11_physicalAddress	0.0002979880216678739
pesection_5_characteristics_bit24	0.0002973046296469883
pesection_11_entropy	0.0002915314348798857
pesectionProcessed_entrypointSection_characteristics_bit29	0.00029065668344585864
pesection_1_characteristics_bit22	0.0002901577226905682
pesection_7_physicalAddress	0.0002900090590310744
pesection_11_virtualSize	0.000285535727567448
pesectionProcessed_entrypointSection_characteristics_bit22	0.0002836884925319571
pesection_5_characteristics_bit17	0.0002724534738810275
pesection_8_rawAddress(pointerToRawData)	0.0002674423483904763
pesection_3_isStandard	0.0002649743514038891
pesection_4_characteristics_bit25	0.000257561305692327
pesection_4_exists	0.0002558263744657605
pesection_4_characteristics_bit28	0.00025229744176697024
pesection_11_size	0.00024770767943728254
pesection_4_characteristics_bit4	0.00024153114137982008
pesection_7_virtualSize	0.00023571140671639
pesection_1_characteristics_bit29	0.0002351967016445533
pesection_3_characteristics_bit19	0.0002305576449460961
pesection_3_characteristics_bit31	0.00022513955011887267
pesection_10_size	0.00021877843620116344
