imports feature	Avg MDI Score
imp_wnetopenenuma	0.00034259103132673054
imp_setsuspendstate	0.0003406902578192309
imp_internetsetoptionexa	0.00033372365784806375
imp_cryptverifysignaturew	0.00032990236152328714
imp_urlopenblockingstreama	0.0003233746663958769
imp_raise	0.0002842286790712153
imp_ntdelayexecution	0.0002801796703610875
imp_strtointexa	0.0002629378312008532
imp___vbagetfxstr3	0.0002607726392787073
imp_wvnsprintfa	0.0002579222062511414
imp_pathaddextensionw	0.0002557235988110292
imp_rewind	0.00024403902455115428
imp_getthemeint	0.00023935919087446803
imp_lineopena	0.0002306078938743499
imp_gdipstringformatgetgenericdefault	0.00022944990366103793
imp___vbaputfxstr3	0.00022855048591115422
imp_olecreate	0.0002283872748248273
imp_strncat_s	0.00022640086710249435
imp___vbafpcdblr4	0.00022531618873765385
imp_zwresumeprocess	0.0002251340562522988
imp_?c_str@?$basic_string@gu?$char_traits@g@std@@v?$allocator@g@2@@std@@qbepbgxz	0.00022169551375920564
imp_setsyscolors	0.0002213652575060459
imp__sleep	0.00021546565855499835
imp_convertstringsidtosida	0.00021427496982659298
imp_??0?$basic_string@gu?$char_traits@g@std@@v?$allocator@g@2@@std@@qae@pbgabv?$allocator@g@1@@z	0.00021222969656634034
imp__allshr	0.00021014529745226533
imp_imminstallimea	0.00020899699033338306
imp___vbacyfornext	0.00020741422066133204
imp_getnetworkparams	0.00020567104972049776
imp_pathstrippatha	0.00020307084078191248
imp___vbacyforinit	0.0001997865838672645
imp_wnetaddconnection2a	0.0001995863819441333
imp_lzopenfilea	0.000198030634582021
imp_lzclose	0.00019792458922426181
imp_??0?$basic_string@gu?$char_traits@g@std@@v?$allocator@g@2@@std@@qae@abv01@@z	0.0001977222162944733
imp_?seekg@?$basic_istream@du?$char_traits@d@std@@@std@@qaeaav12@jh@z	0.00019231373774399835
imp_gdipcreatelinebrushfromrect	0.00019147030547725927
imp_varui8fromstr	0.00019026468076399026
imp_?	0.0001889043529169352
imp_updateresourcea	0.00018786961611439498
imp__allrem	0.00018718027274926724
imp_makesuredirectorypathexists	0.0001830323243860945
imp__winmajor	0.00017863679390432032
imp_wnetenumresourcea	0.00017429543317798064
imp_h	0.0001741636278721226
imp_urlcanonicalizew	0.0001726695794380914
imp_beginupdateresourcea	0.00017233581301287775
imp_??0?$basic_ifstream@du?$char_traits@d@std@@@std@@qae@pbdhh@z	0.0001714724590546253
imp_pathaddbackslasha	0.0001707508095169211
imp_deleteurlcacheentry	0.0001688839541597886
imp__mkdir	0.0001676424090679422
imp_floodfill	0.00016738122166073098
imp_?tellg@?$basic_istream@du?$char_traits@d@std@@@std@@qae?av?$fpos@h@2@xz	0.00016726835265813716
imp_rename	0.00016555856153266434
imp_initsecurityinterfacea	0.0001623297682023281
imp_getmodulefilenameexa	0.0001604472918363082
imp_getiftable	0.00015821840231270448
imp___vbavarmod	0.00015666031654665297
imp_querycontextattributesa	0.0001555076832001505
imp_getipnettable	0.0001551735906896206
imp_gethostbyaddr	0.0001547379695109647
imp_inet_pton	0.00015424175305088625
imp_wnetcloseenum	0.00015383381346007448
imp_internettimetosystemtime	0.00015361009455779637
imp_strcat	0.00015255645374632562
imp___vbaputowner4	0.00015233943498453904
imp_??1?$basic_string@gu?$char_traits@g@std@@v?$allocator@g@2@@std@@qae@xz	0.0001520210690841342
imp___vbafailedfriend	0.00015073071173892584
imp_endupdateresourcea	0.00014850825925443977
imp_ntclose	0.00014573016383013365
imp_pathgetargsa	0.00014426688536679083
imp_getmodulebasenamea	0.000143379262604494
imp_winhttpopen	0.00014293361076931127
imp_?read@?$basic_istream@du?$char_traits@d@std@@@std@@qaeaav12@padh@z	0.00014262807472928223
imp_printf	0.0001422175129494226
imp_cryptbinarytostringa	0.00014162723821700332
imp_convertstringsecuritydescriptortosecuritydescriptora	0.0001415981053005732
imp__alldiv	0.00014157403640202476
imp_shdeletekeya	0.00014093107624793823
imp_gettrusteenamew	0.00014061765371569459
imp_pathremoveargsa	0.00013948598508904626
imp_cryptgenrandom	0.00013860893261261422
imp_lzcopy	0.00013851702742329942
imp__aulldiv	0.00013851507080052804
imp_pathisrootw	0.00013829383162102392
imp_urldownloadtofilea	0.00013775677769029183
imp__ctype	0.000136490062747771
imp_acquirecredentialshandlea	0.00013467045588102708
imp_lzread	0.00013225533630304895
imp___vbaget4	0.0001321972105705263
imp_wnetcancelconnectiona	0.00013129890108424565
imp_rtladjustprivilege	0.00013109976148860584
imp_loadtypelibex	0.00013086237450614063
imp_netuserenum	0.00012760635435443853
imp_rtlgetntversionnumbers	0.0001262269060742115
imp_imagegetcertificatedata	0.00012608405405287645
imp_getperadapterinfo	0.00012547828696125954
imp_getadaptersinfo	0.00012499777178621952
imp_varbstrcat	0.0001248355442181518
imp_enumresourcetypesa	0.0001244223220043977
